file,duration_s,size_bytes,bit_rate,sample_rate,channels
hola.mp3,3.456,27884,64000,24000,1
s01b.mp3,12.144,97388,64000,24000,1
s02.mp3,5.544,44588,64000,24000,1
s03.mp3,8.904,71468,64000,24000,1
s04.mp3,10.848,87020,64000,24000,1
s05.mp3,7.656,61484,64000,24000,1
s06.mp3,10.224,82028,64000,24000,1
s07.mp3,4.944,39788,64000,24000,1
s08.mp3,4.296,34604,64000,24000,1
s09.mp3,6.624,53228,64000,24000,1
s10.mp3,7.416,59564,64000,24000,1
s11.mp3,9.864,79148,64000,24000,1
s12.mp3,2.976,24044,64000,24000,1
s13.mp3,3.744,30188,64000,24000,1
s14.mp3,10.704,85868,64000,24000,1
